0,20,-14,120,130,110
0.03333333333333333,20,-14,120,130,110
0.06666666666666667,20,-14,120,130,110
0.1,20,-12,120,128,112
0.13333333333333333,20,-7,120,125,115
0.16666666666666666,20,-8,120,125,115
0.19999999999999998,20,-8,120,125,115
0.2333333333333333,20,-3,120,122,118
0.26666666666666666,20,-5,120,123,117
0.3,20,-5,120,123,117
0.3333333333333333,20,-5,120,123,117
0.36666666666666664,20,-4,120,122,118
0.39999999999999997,20,-5,120,123,117
0.4333333333333333,20,-7,120,125,115
0.4666666666666666,20,-6,120,124,116
0.49999999999999994,20,-8,120,125,115
0.5333333333333333,20,-10,120,127,113
0.5666666666666667,20,-5,120,123,117
0.6,20,-4,120,122,118
0.6333333333333333,20,-3,120,122,118
0.6666666666666666,20,-5,120,123,117
0.7,20,-6,120,124,116
0.7333333333333333,20,-9,120,126,114
0.7666666666666666,20,-9,120,126,114
0.7999999999999999,20,-9,120,126,114
0.8333333333333333,20,-8,120,125,115
0.8666666666666666,20,-8,120,125,115
0.8999999999999999,20,-6,120,124,116
0.9333333333333332,20,-5,120,123,117
0.9666666666666666,20,-2,120,121,119
0.9999999999999999,20,2,120,119,121
1.0333333333333332,20,6,120,116,124
1.0666666666666667,20,10,120,113,127
1.1,20,12,120,111,129
1.1333333333333335,20,19,120,106,134
1.166666666666667,20,26,120,101,139
1.2000000000000004,20,25,120,102,138
1.2333333333333338,20,26,120,101,139
1.2666666666666673,20,26,120,101,139
1.3000000000000007,20,24,120,102,138
1.3333333333333341,20,22,120,104,136
1.3666666666666676,20,21,120,105,135
1.400000000000001,20,19,120,106,134
1.4333333333333345,20,14,120,110,130
1.466666666666668,20,10,120,113,127
1.5000000000000013,20,9,120,114,126
1.5333333333333348,20,8,120,115,125
1.5666666666666682,20,7,120,115,125
1.6000000000000016,20,4,120,118,122
1.633333333333335,20,2,120,119,121
1.6666666666666685,20,1,120,120,120
1.700000000000002,20,-3,120,122,118
1.7333333333333354,20,-5,120,123,117
1.7666666666666688,20,-9,120,126,114
1.8000000000000023,20,-11,120,128,112
1.8333333333333357,20,-11,120,128,112
1.8666666666666691,20,-11,120,128,112
1.9000000000000026,20,-11,120,128,112
1.933333333333336,20,-10,120,127,113
1.9666666666666694,20,-8,120,126,114
2.0000000000000027,20,-3,120,122,118
2.033333333333336,20,-1,120,120,120
2.066666666666669,20,3,120,118,122
2.1000000000000023,20,9,120,114,126
2.1333333333333355,20,11,120,112,128
2.1666666666666687,20,15,120,109,131
2.200000000000002,20,18,120,107,133
2.233333333333335,20,21,120,105,135
2.2666666666666684,20,26,120,101,139
2.3000000000000016,20,30,120,98,142
2.333333333333335,20,35,120,94,146
2.366666666666668,20,36,120,94,146
2.4000000000000012,20,39,120,91,149
2.4333333333333345,20,43,120,88,152
2.4666666666666677,20,52,120,82,158
2.500000000000001,20,64,120,73,167
2.533333333333334,20,73,120,66,174
2.5666666666666673,20,77,120,63,177
2.6000000000000005,20,78,120,62,178
2.6333333333333337,20,80,120,61,179
2.666666666666667,20,82,120,59,181
2.7,20,79,120,61,179
2.7333333333333334,20,68,120,70,170
2.7666666666666666,20,62,120,74,166
2.8,20,47,120,85,155
2.833333333333333,20,38,120,92,148
2.8666666666666663,20,26,120,101,139
2.8999999999999995,20,20,120,106,134
2.9333333333333327,20,16,120,109,131
2.966666666666666,20,3,120,118,122
2.999999999999999,20,-1,120,120,120
3.0333333333333323,20,0,120,120,120
3.0666666666666655,20,3,120,118,122
3.0999999999999988,20,9,120,114,126
3.133333333333332,20,12,120,112,128
3.166666666666665,20,20,120,106,134
3.1999999999999984,20,25,120,102,138
3.2333333333333316,20,32,120,97,143
3.266666666666665,20,36,120,94,146
3.299999999999998,20,41,120,90,150
3.3333333333333313,20,43,120,88,152
3.3666666666666645,20,40,120,91,149
3.3999999999999977,20,35,120,94,146
3.433333333333331,20,36,120,94,146
3.466666666666664,20,38,120,92,148
3.4999999999999973,20,40,120,91,149
3.5333333333333306,20,40,120,91,149
3.5666666666666638,20,36,120,94,146
3.599999999999997,20,28,120,100,140
3.63333333333333,20,22,120,104,136
3.6666666666666634,20,17,120,108,132
3.6999999999999966,20,6,120,116,124
3.73333333333333,11.765625,-3,70,72,68
3.766666666666663,11.333333333333332,-8,68,74,62
3.7999999999999963,20,-16,120,132,108
3.8333333333333295,8.048177083333332,-18,48,61,35
3.8666666666666627,5.1875,-25,31,49,13
3.899999999999996,3.0078125,-28,18,39,-3
3.933333333333329,1.7916666666666643,-28,10,31,-11
3.9666666666666623,-0.5729166666666643,-26,-3,16,-22
3.9999999999999956,20,-26,120,139,101
4.033333333333329,-3.703125,-25,-22,-4,-40
4.066666666666662,-3.276041666666668,-26,-19,0,-38
4.099999999999995,-3.0625,-26,-18,1,-37
4.133333333333328,-3.276041666666668,-25,-19,-1,-37
4.166666666666662,-3.916666666666668,-25,-23,-5,-41
4.199999999999995,20,-27,120,140,100
4.233333333333328,-4.571614583333336,-27,-27,-7,-47
4.266666666666661,-4.7890625,-27,-28,-8,-48
4.2999999999999945,-4.640625,-27,-27,-7,-47
4.333333333333328,20,-27,120,140,100
4.366666666666661,-5.3749999999999964,-25,-32,-14,-50
4.399999999999994,-6.5625,-26,-39,-20,-58
4.433333333333327,-6.7187500000000036,-25,-40,-22,-58
4.466666666666661,-6.49609375,-25,-38,-20,-56
4.499999999999994,-6.875,-24,-41,-23,-59
4.533333333333327,-7.1874999999999964,-25,-43,-25,-61
4.56666666666666,-7.34375,-25,-44,-26,-62
4.599999999999993,-5.60546875,-25,-33,-15,-51
4.633333333333327,-5.6796874999999964,-25,-34,-16,-52
4.66666666666666,-5.53125,-25,-33,-15,-51
4.699999999999993,-6.35546875,-25,-38,-20,-56
4.733333333333326,-6.875,-25,-41,-23,-59
4.7666666666666595,-5.3828125,-25,-32,-14,-50
4.799999999999993,-5.6796874999999964,-25,-34,-16,-52
4.833333333333326,-5.755208333333336,-25,-34,-16,-52
4.866666666666659,-6.875,-25,-41,-23,-59
4.899999999999992,-5.3828125,-25,-32,-14,-50
4.933333333333326,-6.875,-25,-41,-23,-59
4.966666666666659,-5.53125,-25,-33,-15,-51
4.999999999999992,-6.805989583333336,-25,-40,-22,-58
5.033333333333325,-5.53125,-25,-33,-15,-51
5.066666666666658,-5.53125,-25,-33,-15,-51
5.099999999999992,-6.875,-25,-41,-23,-59
5.133333333333325,-6.875,-25,-41,-23,-59
5.166666666666658,-5.755208333333336,-25,-34,-16,-52
5.199999999999991,-5.755208333333336,-25,-34,-16,-52
5.2333333333333245,-5.53125,-25,-33,-15,-51
5.266666666666658,-6.7187500000000036,-25,-40,-22,-58
5.299999999999991,-6.875,-25,-41,-23,-59
5.333333333333324,-6.875,-25,-41,-23,-59
5.366666666666657,-6.875,-25,-41,-23,-59
5.399999999999991,-5.60546875,-25,-33,-15,-51
5.433333333333324,-5.904947916666664,-24,-35,-17,-53
5.466666666666657,-6.7187500000000036,-25,-40,-22,-58
5.49999999999999,-6.875,-25,-41,-23,-59
5.5333333333333234,-5.53125,-25,-33,-15,-51
5.566666666666657,-6.875,-25,-41,-23,-59
5.59999999999999,-6.875,-25,-41,-23,-59
5.633333333333323,-6.7187500000000036,-25,-40,-22,-58
5.666666666666656,-5.828125,-25,-34,-16,-52
5.6999999999999895,-6.203125,-25,-37,-19,-55
5.733333333333323,-5.979166666666664,-25,-35,-17,-53
5.766666666666656,-5.53125,-25,-33,-15,-51
5.799999999999989,-5.60546875,-25,-33,-15,-51
5.833333333333322,-6.875,-25,-41,-23,-59
5.866666666666656,-6.7187500000000036,-25,-40,-22,-58
5.899999999999989,-5.6796874999999964,-25,-34,-16,-52
5.933333333333322,-7.03125,-25,-42,-24,-60
5.966666666666655,-7.03125,-25,-42,-24,-60
5.9999999999999885,-7.03125,-25,-42,-24,-60
6.033333333333322,-6.35546875,-25,-38,-20,-56
6.066666666666655,-6.130208333333332,-25,-36,-18,-54
6.099999999999988,-7.03125,-25,-42,-24,-60
6.133333333333321,-5.755208333333336,-25,-34,-16,-52
6.1666666666666545,-6.875,-25,-41,-23,-59
6.199999999999988,-5.53125,-25,-33,-15,-51
6.233333333333321,-6.35546875,-24,-38,-21,-55
6.266666666666654,-5.53125,-25,-33,-15,-51
6.299999999999987,-6.0546875,-25,-36,-18,-54
6.333333333333321,-5.755208333333336,-25,-34,-16,-52
6.366666666666654,-5.904947916666664,-24,-35,-18,-52
6.399999999999987,-5.53125,-24,-33,-16,-50
6.43333333333332,-5.53125,-24,-33,-16,-50
6.4666666666666535,-5.755208333333336,-25,-34,-16,-52
6.499999999999987,-6.875,-24,-41,-24,-58
6.53333333333332,-6.875,-24,-41,-24,-58
6.566666666666653,-5.53125,-24,-33,-16,-50
6.599999999999986,-6.875,-25,-41,-23,-59
6.6333333333333195,-5.6796874999999964,-24,-34,-17,-51
6.666666666666653,-7.03125,-24,-42,-25,-59
6.699999999999986,-7.03125,-24,-42,-25,-59
6.733333333333319,-5.904947916666664,-24,-35,-18,-52
6.766666666666652,-6.28125,-24,-37,-20,-54
6.799999999999986,-5.904947916666664,-24,-35,-18,-52
6.833333333333319,-5.6796874999999964,-24,-34,-17,-51
6.866666666666652,-5.6796874999999964,-24,-34,-17,-51
6.899999999999985,-5.904947916666664,-24,-35,-18,-52
6.9333333333333185,-6.875,-24,-41,-24,-58
6.966666666666652,-7.03125,-24,-42,-25,-59
6.999999999999985,-5.6796874999999964,-24,-34,-17,-51
7.033333333333318,-6.35546875,-24,-38,-21,-55
7.066666666666651,-5.755208333333336,-24,-34,-17,-51
7.0999999999999845,-5.904947916666664,-24,-35,-18,-52
7.133333333333318,-5.828125,-24,-34,-17,-51
7.166666666666651,-5.53125,-24,-33,-16,-50
7.199999999999984,-5.755208333333336,-24,-34,-17,-51
7.233333333333317,-5.3828125,-24,-32,-15,-49
7.266666666666651,-5.6796874999999964,-24,-34,-17,-51
7.299999999999984,-5.6796874999999964,-24,-34,-17,-51
7.333333333333317,-5.53125,-25,-33,-15,-51
7.36666666666665,-5.904947916666664,-25,-35,-17,-53
7.3999999999999835,-6.875,-25,-41,-23,-59
7.433333333333317,-5.6796874999999964,-25,-34,-16,-52
7.46666666666665,-7.03125,-25,-42,-24,-60
7.499999999999983,-6.130208333333332,-25,-36,-18,-54
7.533333333333316,-7.03125,-25,-42,-24,-60
7.5666666666666496,-5.904947916666664,-24,-35,-18,-52
7.599999999999983,-7.1874999999999964,-24,-43,-26,-60
7.633333333333316,-7.1874999999999964,-24,-43,-26,-60
7.666666666666649,-6.204427083333332,-24,-37,-20,-54
7.699999999999982,-6.432291666666668,-24,-38,-21,-55
7.733333333333316,-7.1874999999999964,-24,-43,-26,-60
7.766666666666649,-7.1874999999999964,-24,-43,-26,-60
7.799999999999982,-7.03125,-24,-42,-25,-59
7.833333333333315,-5.6796874999999964,-24,-34,-17,-51
7.8666666666666485,-7.1874999999999964,-24,-43,-26,-60
7.899999999999982,-5.904947916666664,-24,-35,-18,-52
7.933333333333315,-5.6796874999999964,-24,-34,-17,-51
7.966666666666648,-5.60546875,-25,-33,-15,-51
7.999999999999981,-6.130208333333332,-25,-36,-18,-54
8.033333333333315,-5.979166666666664,-25,-35,-17,-53
8.066666666666649,-7.03125,-25,-42,-24,-60
8.099999999999982,-6.875,-25,-41,-23,-59
8.133333333333315,-7.03125,-25,-42,-24,-60
8.166666666666648,-7.03125,-25,-42,-24,-60
8.199999999999982,-7.03125,-25,-42,-24,-60
8.233333333333315,-5.6796874999999964,-25,-34,-16,-52
8.266666666666648,-5.6796874999999964,-24,-34,-17,-51
8.299999999999981,-7.03125,-25,-42,-24,-60
8.333333333333314,-5.904947916666664,-25,-35,-17,-53
8.366666666666648,-7.03125,-24,-42,-25,-59
8.39999999999998,-5.979166666666664,-25,-35,-17,-53
8.433333333333314,-5.53125,-25,-33,-15,-51
8.466666666666647,-6.875,-25,-41,-23,-59
8.49999999999998,-7.03125,-25,-42,-24,-60
8.533333333333314,-7.03125,-24,-42,-25,-59
8.566666666666647,-7.03125,-24,-42,-25,-59
8.59999999999998,-7.03125,-24,-42,-25,-59
8.633333333333313,-6.805989583333336,-24,-40,-23,-57
8.666666666666647,-6.5078125,-24,-39,-22,-56
8.69999999999998,-5.904947916666664,-24,-35,-18,-52
8.733333333333313,-7.1874999999999964,-24,-43,-26,-60
8.766666666666646,-7.1874999999999964,-24,-43,-26,-60
8.79999999999998,-7.1874999999999964,-24,-43,-26,-60
8.833333333333313,-7.34375,-23,-44,-27,-61
8.866666666666646,-7.1874999999999964,-23,-43,-26,-60
8.899999999999979,-7.1874999999999964,-23,-43,-26,-60
8.933333333333312,-5.9765625,-24,-35,-18,-52
8.966666666666645,-7.03125,-24,-42,-25,-59
8.999999999999979,-5.53125,-24,-33,-16,-50
9.033333333333312,-5.53125,-24,-33,-16,-50
9.066666666666645,-7.03125,-24,-42,-25,-59
9.099999999999978,-6.875,-24,-41,-24,-58
9.133333333333312,-5.904947916666664,-24,-35,-18,-52
9.166666666666645,-5.53125,-24,-33,-16,-50
9.199999999999978,-7.1874999999999964,-24,-43,-26,-60
9.233333333333311,-7.1874999999999964,-24,-43,-26,-60
9.266666666666644,-6.875,-24,-41,-24,-58
9.299999999999978,-6.875,-24,-41,-24,-58
9.33333333333331,-5.904947916666664,-24,-35,-18,-52
9.366666666666644,-5.979166666666664,-24,-35,-18,-52
9.399999999999977,-6.875,-24,-41,-24,-58
9.43333333333331,-5.755208333333336,-24,-34,-17,-51
9.466666666666644,-5.755208333333336,-24,-34,-17,-51
9.499999999999977,-6.875,-24,-41,-24,-58
9.53333333333331,-6.875,-24,-41,-24,-58
9.566666666666643,-5.53125,-24,-33,-16,-50
9.599999999999977,-6.203125,-24,-37,-20,-54
9.63333333333331,-6.875,-24,-41,-24,-58
9.666666666666643,-6.7187500000000036,-24,-40,-23,-57
9.699999999999976,-6.130208333333332,-24,-36,-19,-53
9.73333333333331,-7.03125,-24,-42,-25,-59
9.766666666666643,-7.03125,-24,-42,-25,-59
9.799999999999976,-7.03125,-24,-42,-25,-59
9.833333333333309,-6.875,-24,-41,-24,-58
9.866666666666642,-5.53125,-24,-33,-16,-50
9.899999999999975,-7.03125,-24,-42,-25,-59
9.933333333333309,-5.755208333333336,-24,-34,-17,-51
9.966666666666642,-5.53125,-24,-33,-16,-50
9.999999999999975,-5.979166666666664,-24,-35,-18,-52
10.033333333333308,-5.904947916666664,-24,-35,-18,-52
10.066666666666642,-6.875,-25,-41,-23,-59
10.099999999999975,-5.3828125,-24,-32,-15,-49
10.133333333333308,-5.904947916666664,-25,-35,-17,-53
10.166666666666641,-6.7187500000000036,-24,-40,-23,-57
10.199999999999974,-7.03125,-24,-42,-25,-59
10.233333333333308,-6.7187500000000036,-25,-40,-22,-58
10.26666666666664,-5.53125,-25,-33,-15,-51
10.299999999999974,-5.755208333333336,-24,-34,-17,-51
10.333333333333307,-6.875,-24,-41,-24,-58
10.36666666666664,-5.53125,-24,-33,-16,-50
10.399999999999974,-5.755208333333336,-24,-34,-17,-51
10.433333333333307,-6.875,-24,-41,-24,-58
10.46666666666664,-5.755208333333336,-25,-34,-16,-52
10.499999999999973,-6.875,-24,-41,-24,-58
10.533333333333307,-5.6796874999999964,-25,-34,-16,-52
10.56666666666664,-7.1874999999999964,-24,-43,-26,-60
10.599999999999973,-5.904947916666664,-24,-35,-18,-52
10.633333333333306,-5.53125,-24,-33,-16,-50
10.66666666666664,-5.979166666666664,-24,-35,-18,-52
10.699999999999973,-6.2734375000000036,-24,-37,-20,-54
10.733333333333306,-6.875,-24,-41,-24,-58
10.766666666666639,-5.904947916666664,-25,-35,-17,-53
10.799999999999972,-6.875,-24,-41,-24,-58
10.833333333333306,-5.755208333333336,-24,-34,-17,-51
10.866666666666639,-6.875,-24,-41,-24,-58
10.899999999999972,-6.805989583333336,-24,-40,-23,-57
10.933333333333305,-6.875,-24,-41,-24,-58
10.966666666666638,-5.979166666666664,-25,-35,-17,-53
10.999999999999972,-5.755208333333336,-25,-34,-16,-52
11.033333333333305,-6.875,-24,-41,-24,-58
11.066666666666638,-5.828125,-25,-34,-16,-52
11.099999999999971,-6.875,-24,-41,-24,-58
11.133333333333304,-5.979166666666664,-25,-35,-17,-53
11.166666666666638,-5.755208333333336,-25,-34,-16,-52
11.19999999999997,-6.875,-24,-41,-24,-58
11.233333333333304,-6.7187500000000036,-24,-40,-23,-57
11.266666666666637,-5.53125,-24,-33,-16,-50
11.29999999999997,-5.53125,-24,-33,-16,-50
11.333333333333304,-5.755208333333336,-24,-34,-17,-51
11.366666666666637,-5.755208333333336,-24,-34,-17,-51
11.39999999999997,-6.875,-24,-41,-24,-58
11.433333333333303,-5.904947916666664,-24,-35,-18,-52
11.466666666666637,-5.53125,-24,-33,-16,-50
11.49999999999997,-6.875,-24,-41,-24,-58
11.533333333333303,-5.53125,-24,-33,-16,-50
11.566666666666636,-5.53125,-25,-33,-15,-51
11.59999999999997,-6.875,-25,-41,-23,-59
11.633333333333303,-5.6796874999999964,-24,-34,-17,-51
11.666666666666636,-6.875,-25,-41,-23,-59
11.699999999999969,-5.60546875,-24,-33,-16,-50
11.733333333333302,-7.03125,-24,-42,-25,-59
11.766666666666636,-6.875,-25,-41,-23,-59
11.799999999999969,-7.03125,-24,-42,-25,-59
11.833333333333302,-5.3828125,-24,-32,-15,-49
11.866666666666635,-5.904947916666664,-25,-35,-17,-53
11.899999999999968,-5.755208333333336,-25,-34,-16,-52
11.933333333333302,-5.53125,-25,-33,-15,-51
11.966666666666635,-5.53125,-24,-33,-16,-50
11.999999999999968,-6.875,-24,-41,-24,-58
12.033333333333301,-6.875,-24,-41,-24,-58
12.066666666666634,-5.828125,-24,-34,-17,-51
12.099999999999968,-6.875,-24,-41,-24,-58
12.1333333333333,-6.130208333333332,-24,-36,-19,-53
12.166666666666634,-6.7187500000000036,-24,-40,-23,-57
12.199999999999967,-6.875,-24,-41,-24,-58
12.2333333333333,-6.875,-24,-41,-24,-58
12.266666666666634,-5.53125,-24,-33,-16,-50
12.299999999999967,-7.03125,-24,-42,-25,-59
12.3333333333333,-6.7187500000000036,-24,-40,-23,-57
12.366666666666633,-6.130208333333332,-24,-36,-19,-53
12.399999999999967,-6.875,-24,-41,-24,-58
12.4333333333333,-5.3828125,-24,-32,-15,-49
12.466666666666633,-6.875,-24,-41,-24,-58
12.499999999999966,-7.03125,-24,-42,-25,-59
12.5333333333333,-5.755208333333336,-24,-34,-17,-51
12.566666666666633,-5.53125,-24,-33,-16,-50
12.599999999999966,-7.03125,-24,-42,-25,-59
12.633333333333299,-7.03125,-24,-42,-25,-59
12.666666666666632,-5.979166666666664,-24,-35,-18,-52
12.699999999999966,-6.875,-24,-41,-24,-58
12.733333333333299,-6.875,-24,-41,-24,-58
12.766666666666632,-7.03125,-24,-42,-25,-59
12.799999999999965,-6.875,-24,-41,-24,-58
12.833333333333298,-7.1874999999999964,-24,-43,-26,-60
12.866666666666632,-7.03125,-24,-42,-25,-59
12.899999999999965,-7.03125,-24,-42,-25,-59
12.933333333333298,-7.1874999999999964,-24,-43,-26,-60
12.966666666666631,-7.1874999999999964,-24,-43,-26,-60
12.999999999999964,-7.1874999999999964,-24,-43,-26,-60
13.033333333333298,-7.03125,-24,-42,-25,-59
13.066666666666631,-7.03125,-24,-42,-25,-59
13.099999999999964,-7.1874999999999964,-24,-43,-26,-60
13.133333333333297,-7.03125,-24,-42,-25,-59
13.16666666666663,-7.03125,-24,-42,-25,-59
13.199999999999964,-7.03125,-24,-42,-25,-59
13.233333333333297,-7.1874999999999964,-24,-43,-26,-60
13.26666666666663,-7.1874999999999964,-24,-43,-26,-60
13.299999999999963,-7.1874999999999964,-24,-43,-26,-60
13.333333333333297,-7.03125,-24,-42,-25,-59
13.36666666666663,-7.1874999999999964,-24,-43,-26,-60
13.399999999999963,-7.1874999999999964,-24,-43,-26,-60
13.433333333333296,-7.1874999999999964,-24,-43,-26,-60
13.46666666666663,-7.1874999999999964,-24,-43,-26,-60
13.499999999999963,-7.1874999999999964,-24,-43,-26,-60
13.533333333333296,-7.1874999999999964,-24,-43,-26,-60
13.56666666666663,-7.34375,-24,-44,-27,-61
13.599999999999962,-7.1874999999999964,-24,-43,-26,-60
13.633333333333296,-7.03125,-24,-42,-25,-59
13.666666666666629,-7.1874999999999964,-24,-43,-26,-60
13.699999999999962,-7.34375,-24,-44,-27,-61
13.733333333333295,-7.1874999999999964,-24,-43,-26,-60
13.766666666666628,-7.34375,-24,-44,-27,-61
13.799999999999962,-7.34375,-24,-44,-27,-61
13.833333333333295,-7.1874999999999964,-24,-43,-26,-60
13.866666666666628,-7.1874999999999964,-24,-43,-26,-60
13.899999999999961,-6.875,-24,-41,-24,-58
13.933333333333294,-6.875,-24,-41,-24,-58
13.966666666666628,-6.7187500000000036,-24,-40,-23,-57
13.999999999999961,-6.875,-23,-41,-24,-58
14.033333333333294,-7.03125,-23,-42,-25,-59
14.066666666666627,-6.7187500000000036,-23,-40,-23,-57
14.09999999999996,-6.875,-23,-41,-24,-58
14.133333333333294,-6.875,-23,-41,-24,-58
14.166666666666627,-7.1874999999999964,-24,-43,-26,-60
14.19999999999996,-6.875,-24,-41,-24,-58
14.233333333333293,-6.875,-24,-41,-24,-58
14.266666666666627,-7.03125,-24,-42,-25,-59
14.29999999999996,-6.875,-24,-41,-24,-58
14.333333333333293,-6.7187500000000036,-24,-40,-23,-57
14.366666666666626,-6.875,-24,-41,-24,-58
14.39999999999996,-6.875,-24,-41,-24,-58
14.433333333333293,-6.7187500000000036,-24,-40,-23,-57
14.466666666666626,-6.875,-24,-41,-24,-58
14.49999999999996,-7.03125,-24,-42,-25,-59
14.533333333333292,-7.03125,-24,-42,-25,-59
14.566666666666626,-6.875,-23,-41,-24,-58
14.599999999999959,-6.875,-24,-41,-24,-58
14.633333333333292,-6.875,-23,-41,-24,-58
14.666666666666625,-7.03125,-23,-42,-25,-59
14.699999999999958,-7.03125,-22,-42,-26,-58
14.733333333333292,-6.7187500000000036,-23,-40,-23,-57
14.766666666666625,-6.875,-23,-41,-24,-58
14.799999999999958,-6.7187500000000036,-23,-40,-23,-57
14.833333333333291,-6.875,-23,-41,-24,-58
14.866666666666625,-6.7187500000000036,-23,-40,-23,-57
14.899999999999958,-6.7187500000000036,-23,-40,-23,-57
14.933333333333291,-6.875,-23,-41,-24,-58
14.966666666666624,-6.875,-23,-41,-24,-58
14.999999999999957,-7.03125,-23,-42,-25,-59
15.03333333333329,-6.875,-23,-41,-24,-58
15.066666666666624,-6.7187500000000036,-23,-40,-23,-57
15.099999999999957,-7.1874999999999964,-23,-43,-26,-60
15.13333333333329,-6.875,-23,-41,-24,-58
15.166666666666623,-7.1874999999999964,-23,-43,-26,-60
15.199999999999957,-6.875,-23,-41,-24,-58
15.23333333333329,-6.875,-23,-41,-24,-58
15.266666666666623,-6.7187500000000036,-23,-40,-23,-57
15.299999999999956,-7.03125,-23,-42,-25,-59
15.33333333333329,-6.7187500000000036,-23,-40,-23,-57
15.366666666666623,-6.875,-23,-41,-24,-58
15.399999999999956,-6.7187500000000036,-23,-40,-23,-57
15.43333333333329,-6.875,-23,-41,-24,-58
15.466666666666622,-6.875,-23,-41,-24,-58
15.499999999999956,-6.7187500000000036,-23,-40,-23,-57
15.533333333333289,-7.03125,-23,-42,-25,-59
15.566666666666622,-6.875,-23,-41,-24,-58
15.599999999999955,-7.03125,-23,-42,-25,-59
15.633333333333288,-6.7187500000000036,-23,-40,-23,-57
15.666666666666622,20,-23,120,137,103
15.699999999999955,-6.7187500000000036,-23,-40,-23,-57
15.733333333333288,-7.03125,-23,-42,-25,-59
15.766666666666621,-6.875,-23,-41,-24,-58
15.799999999999955,-7.03125,-23,-42,-25,-59
15.833333333333288,-7.03125,-21,-42,-27,-57
15.866666666666621,-7.34375,-23,-44,-27,-61
15.899999999999954,-7.65625,-24,-45,-28,-62
15.933333333333287,-7.34375,-24,-44,-27,-61
15.96666666666662,-7.5000000000000036,-24,-44,-27,-61
15.999999999999954,-7.5000000000000036,-24,-44,-27,-61
16.03333333333329,-7.65625,-24,-45,-28,-62
16.066666666666624,-7.65625,-24,-45,-28,-62
16.09999999999996,-7.65625,-24,-45,-28,-62
16.133333333333294,-7.65625,-24,-45,-28,-62
16.16666666666663,-7.65625,-24,-45,-28,-62
16.199999999999964,-7.65625,-24,-45,-28,-62
16.2333333333333,-7.65625,-24,-45,-28,-62
16.266666666666634,-7.65625,-24,-45,-28,-62
16.29999999999997,-7.65625,-24,-45,-28,-62
16.333333333333304,-7.65625,-24,-45,-28,-62
16.36666666666664,-7.65625,-24,-45,-28,-62
16.399999999999974,-7.65625,-24,-45,-28,-62
16.43333333333331,-7.65625,-24,-45,-28,-62
16.466666666666644,-7.65625,-24,-45,-28,-62
16.49999999999998,-7.65625,-24,-45,-28,-62
16.533333333333314,-7.65625,-24,-45,-28,-62
16.56666666666665,-7.34375,-24,-44,-27,-61
16.599999999999984,-7.65625,-24,-45,-28,-62
16.63333333333332,-7.65625,-24,-45,-28,-62
16.666666666666654,-7.65625,-24,-45,-28,-62
16.69999999999999,-7.65625,-24,-45,-28,-62
16.733333333333324,-7.5000000000000036,-24,-45,-28,-62
16.76666666666666,-7.65625,-24,-45,-28,-62
16.799999999999994,-7.5000000000000036,-24,-45,-28,-62
16.83333333333333,-7.65625,-24,-45,-28,-62
16.866666666666664,-7.65625,-24,-45,-28,-62
16.9,-7.65625,-24,-45,-28,-62
16.933333333333334,-7.65625,-24,-45,-28,-62
16.96666666666667,-7.65625,-24,-45,-28,-62
17.000000000000004,-7.65625,-24,-45,-28,-62
17.03333333333334,-7.5000000000000036,-24,-45,-28,-62
17.066666666666674,-7.65625,-24,-45,-28,-62
17.10000000000001,-7.65625,-24,-45,-28,-62
17.133333333333344,-7.65625,-24,-45,-28,-62
17.16666666666668,-7.65625,-24,-45,-28,-62
17.200000000000014,-7.65625,-24,-45,-28,-62
17.23333333333335,-7.65625,-24,-45,-28,-62
17.266666666666683,-7.5000000000000036,-24,-45,-28,-62
17.30000000000002,-7.65625,-24,-45,-28,-62
17.333333333333353,-7.65625,-24,-45,-28,-62
17.36666666666669,-7.65625,-24,-45,-28,-62
17.400000000000023,-7.65625,-24,-45,-28,-62
17.43333333333336,-7.65625,-24,-45,-28,-62
17.466666666666693,-7.65625,-24,-45,-28,-62
17.50000000000003,-7.65625,-24,-45,-28,-62
17.533333333333363,-7.65625,-24,-45,-28,-62
17.5666666666667,-7.5000000000000036,-24,-45,-28,-62
17.600000000000033,-7.65625,-24,-45,-28,-62
17.63333333333337,-7.65625,-24,-45,-28,-62
17.666666666666703,-7.65625,-24,-45,-28,-62
17.70000000000004,-7.65625,-24,-45,-28,-62
17.733333333333373,-7.5000000000000036,-24,-45,-28,-62
17.76666666666671,-7.65625,-24,-45,-28,-62
17.800000000000043,-7.65625,-24,-45,-28,-62
17.83333333333338,-7.5000000000000036,-24,-45,-28,-62
17.866666666666713,-7.65625,-24,-45,-28,-62
17.90000000000005,-7.65625,-24,-45,-28,-62
17.933333333333383,20,-24,119,136,102
17.96666666666672,-7.65625,-24,-45,-28,-62
18.000000000000053,-7.65625,-24,-45,-28,-62
18.03333333333339,-7.65625,-24,-45,-28,-62
18.066666666666723,-7.65625,-24,-45,-28,-62
18.10000000000006,-7.9687499999999964,-19,-47,-33,-61
18.133333333333393,-7.9687499999999964,-16,-47,-36,-58
18.16666666666673,-7.9687499999999964,-16,-47,-36,-58
18.200000000000063,-7.9687499999999964,-16,-47,-36,-58
18.2333333333334,-8.125,-16,-48,-37,-59
18.266666666666733,-7.9687499999999964,-16,-47,-36,-58
18.300000000000068,-7.9687499999999964,-16,-47,-36,-58
18.333333333333403,-7.9687499999999964,-16,-47,-36,-58
18.366666666666738,-7.9687499999999964,-16,-47,-36,-58
18.400000000000073,-7.9687499999999964,-16,-47,-36,-58
18.433333333333408,-7.9687499999999964,-16,-47,-36,-58
18.466666666666743,-7.9687499999999964,-16,-47,-36,-58
18.500000000000078,-8.281250000000004,-16,-49,-38,-60
18.533333333333413,-8.125,-16,-48,-37,-59
18.566666666666748,-7.9687499999999964,-16,-47,-36,-58
18.600000000000083,-7.9687499999999964,-16,-47,-36,-58
18.633333333333418,-7.9687499999999964,-16,-47,-36,-58
18.666666666666753,-7.9687499999999964,-16,-47,-36,-58
18.700000000000088,-7.9687499999999964,-16,-47,-36,-58
18.733333333333423,-7.9687499999999964,-16,-47,-36,-58
18.766666666666758,-7.9687499999999964,-16,-47,-36,-58
18.800000000000093,-7.9687499999999964,-16,-47,-36,-58
18.833333333333428,-7.9687499999999964,-16,-47,-36,-58
18.866666666666763,-7.9687499999999964,-16,-47,-36,-58
18.900000000000098,-7.9687499999999964,-16,-47,-36,-58
18.933333333333433,-8.125,-16,-48,-37,-59
18.966666666666768,-7.9687499999999964,-16,-47,-36,-58
19.000000000000103,-7.9687499999999964,-16,-47,-36,-58
19.033333333333438,-8.125,-16,-48,-37,-59
19.066666666666773,-7.9687499999999964,-16,-47,-36,-58
19.100000000000108,-8.125,-16,-48,-37,-59
19.133333333333443,-7.9687499999999964,-16,-47,-36,-58
19.166666666666778,-7.9687499999999964,-16,-47,-36,-58
19.200000000000113,-7.9687499999999964,-16,-47,-36,-58
19.233333333333448,-8.125,-16,-48,-37,-59
19.266666666666783,-7.9687499999999964,-16,-47,-36,-58
19.300000000000118,-7.9687499999999964,-16,-47,-36,-58
19.333333333333453,-8.125,-16,-48,-37,-59
19.366666666666788,-8.125,-16,-48,-37,-59
19.400000000000123,-8.125,-16,-48,-37,-59
19.433333333333458,-7.9687499999999964,-16,-47,-36,-58
19.466666666666793,-7.9687499999999964,-16,-47,-36,-58
19.500000000000128,-7.9687499999999964,-16,-47,-36,-58
19.533333333333463,-7.9687499999999964,-16,-47,-36,-58
19.566666666666798,-7.9687499999999964,-16,-47,-36,-58
19.600000000000133,-7.9687499999999964,-16,-47,-36,-58
19.633333333333468,-7.9687499999999964,-16,-47,-36,-58
19.666666666666803,-7.9687499999999964,-16,-47,-36,-58
19.700000000000138,-7.9687499999999964,-16,-47,-36,-58
19.733333333333473,-8.125,-16,-48,-37,-59
19.766666666666808,-7.9687499999999964,-16,-47,-36,-58
19.800000000000143,-8.125,-16,-48,-37,-59
19.833333333333478,-7.9687499999999964,-16,-47,-36,-58
19.866666666666813,-7.9687499999999964,-16,-47,-36,-58
19.900000000000148,-7.9687499999999964,-16,-47,-36,-58
19.933333333333483,-7.9687499999999964,-16,-47,-36,-58
19.966666666666818,-8.125,-16,-48,-37,-59
20.000000000000153,-7.9687499999999964,-16,-47,-36,-58
20.033333333333488,-8.125,-16,-48,-37,-59
20.066666666666823,-7.9687499999999964,-16,-47,-36,-58
20.100000000000158,-7.9687499999999964,-16,-47,-36,-58
20.133333333333493,-7.9687499999999964,-16,-47,-36,-58
20.166666666666828,-7.9687499999999964,-16,-47,-36,-58
20.200000000000163,-8.125,-16,-48,-37,-59
20.233333333333498,-7.9687499999999964,-16,-47,-36,-58
20.266666666666833,-7.9687499999999964,-16,-47,-36,-58
20.300000000000168,-7.9687499999999964,-16,-47,-36,-58
20.333333333333503,-8.125,-16,-48,-37,-59
20.366666666666838,-7.9687499999999964,-16,-47,-36,-58
20.400000000000173,-7.9687499999999964,-16,-47,-36,-58
20.433333333333508,-7.9687499999999964,-16,-47,-36,-58
20.466666666666843,-7.9687499999999964,-16,-47,-36,-58
20.500000000000178,-7.9687499999999964,-16,-47,-36,-58
20.533333333333513,-7.9687499999999964,-16,-47,-36,-58
20.566666666666848,-7.9687499999999964,-16,-47,-36,-58
20.600000000000183,-7.9687499999999964,-16,-47,-36,-58
20.633333333333518,-7.9687499999999964,-16,-47,-36,-58
20.666666666666853,-8.125,-16,-48,-37,-59
20.700000000000188,-8.125,-16,-48,-37,-59
20.733333333333523,-7.9687499999999964,-16,-47,-36,-58
20.766666666666858,-7.9687499999999964,-16,-47,-36,-58
20.800000000000193,-8.125,-16,-48,-37,-59
20.833333333333528,-7.9687499999999964,-16,-47,-36,-58
20.866666666666863,-8.125,-16,-48,-37,-59
20.900000000000198,-7.8125,-16,-46,-35,-57
20.933333333333533,-8.125,-16,-48,-37,-59
20.966666666666868,-8.125,-16,-48,-37,-59
21.000000000000203,-8.125,-16,-48,-37,-59
21.033333333333537,-7.9687499999999964,-16,-47,-36,-58
21.066666666666872,-8.125,-16,-48,-37,-59
21.100000000000207,-7.9687499999999964,-16,-47,-36,-58
21.133333333333542,-7.9687499999999964,-16,-47,-36,-58
21.166666666666877,-7.9687499999999964,-16,-47,-36,-58
21.200000000000212,-8.125,-16,-48,-37,-59
21.233333333333547,-8.125,-16,-48,-37,-59
21.266666666666882,-7.9687499999999964,-16,-47,-36,-58
21.300000000000217,-7.9687499999999964,-16,-47,-36,-58
21.333333333333552,-8.125,-16,-48,-37,-59
21.366666666666887,-7.9687499999999964,-16,-47,-36,-58
21.400000000000222,-8.281250000000004,-16,-49,-38,-60
21.433333333333557,-8.281250000000004,-16,-49,-38,-60
21.466666666666892,-7.9687499999999964,-16,-47,-36,-58
21.500000000000227,-7.9687499999999964,-16,-47,-36,-58
21.533333333333562,-7.9687499999999964,-16,-47,-36,-58
21.566666666666897,-7.9687499999999964,-16,-47,-36,-58
21.600000000000232,-8.281250000000004,-16,-49,-38,-60
21.633333333333567,-8.125,-16,-48,-37,-59
21.666666666666902,-7.9687499999999964,-16,-47,-36,-58
21.700000000000237,-8.125,-16,-48,-37,-59
21.733333333333572,-8.125,-16,-48,-37,-59
21.766666666666907,-8.125,-16,-48,-37,-59
21.800000000000242,-8.125,-16,-48,-37,-59
21.833333333333577,-8.125,-16,-48,-37,-59
21.866666666666912,-8.125,-16,-48,-37,-59
21.900000000000247,-8.125,-16,-48,-37,-59
21.933333333333582,-8.125,-16,-48,-37,-59
21.966666666666917,-8.125,-16,-48,-37,-59
22.000000000000252,-7.9687499999999964,-16,-47,-36,-58
22.033333333333587,-8.125,-16,-48,-37,-59
22.066666666666922,-8.281250000000004,-16,-49,-38,-60
22.100000000000257,-7.9687499999999964,-16,-47,-36,-58
22.133333333333592,-7.9687499999999964,-16,-47,-36,-58
22.166666666666927,-8.125,-16,-48,-37,-59
22.200000000000262,-8.125,-16,-48,-37,-59
22.233333333333597,-8.125,-16,-48,-37,-59
22.266666666666932,-8.125,-16,-48,-37,-59
22.300000000000267,-8.125,-16,-48,-37,-59
22.333333333333602,-8.281250000000004,-16,-49,-38,-60
22.366666666666937,-8.281250000000004,-15,-49,-38,-60
22.400000000000272,-8.4375,-15,-50,-39,-61
22.433333333333607,-8.281250000000004,-15,-49,-38,-60
22.466666666666942,-8.4375,-15,-50,-39,-61
22.500000000000277,-8.4375,-14,-50,-40,-60
22.533333333333612,-8.4375,-14,-50,-40,-60
22.566666666666947,-8.4375,-14,-50,-40,-60
22.600000000000282,-8.4375,-14,-50,-40,-60
22.633333333333617,-7.9687499999999964,-14,-47,-37,-57
22.666666666666952,-7.8125,-14,-46,-36,-56
22.700000000000287,-7.65625,-14,-45,-35,-55
22.733333333333622,-7.65625,-14,-45,-35,-55
22.766666666666957,-7.65625,-14,-45,-35,-55
22.800000000000292,-7.8125,-14,-46,-36,-56
22.833333333333627,-7.8125,-15,-46,-35,-57
22.866666666666962,-7.8125,-15,-46,-35,-57
22.900000000000297,-7.9687499999999964,-15,-47,-36,-58
22.933333333333632,-7.65625,-15,-45,-34,-56
22.966666666666967,-7.65625,-15,-45,-34,-56
23.000000000000302,-7.8125,-15,-46,-35,-57
23.033333333333637,-7.65625,-16,-45,-34,-56
23.066666666666972,-7.65625,-16,-45,-34,-56
23.100000000000307,-7.8125,-16,-46,-35,-57
23.133333333333642,-7.5000000000000036,-16,-45,-34,-56
23.166666666666977,-7.5000000000000036,-16,-45,-34,-56
23.200000000000312,-7.5000000000000036,-16,-45,-34,-56
23.233333333333647,-7.1874999999999964,-16,-43,-32,-54
23.266666666666982,-7.5000000000000036,-16,-45,-34,-56
23.300000000000317,-7.5000000000000036,-16,-45,-34,-56
23.333333333333652,-7.34375,-16,-44,-33,-55
23.366666666666987,-8.90625,-16,-53,-42,-64
23.400000000000322,-7.8125,-16,-46,-35,-57
23.433333333333657,-7.65625,-16,-45,-34,-56
23.466666666666992,-7.8125,-16,-46,-35,-57
23.500000000000327,-7.8125,-16,-46,-35,-57
23.533333333333662,-7.65625,-16,-45,-34,-56
23.566666666666997,-7.8125,-16,-46,-35,-57
23.600000000000332,-7.9687499999999964,-15,-47,-36,-58
23.633333333333667,-7.65625,-15,-45,-34,-56
23.666666666667002,-7.65625,-15,-45,-34,-56
23.700000000000337,-7.8125,-15,-46,-35,-57
23.733333333333672,-7.9687499999999964,-15,-47,-36,-58
23.766666666667007,-7.8125,-15,-46,-35,-57
23.80000000000034,-7.9687499999999964,-15,-47,-36,-58
23.833333333333677,-7.8125,-15,-46,-35,-57
23.86666666666701,-7.9687499999999964,-16,-47,-36,-58
23.900000000000347,-7.9687499999999964,-16,-47,-36,-58
23.93333333333368,-7.8125,-16,-46,-35,-57
23.966666666667017,-7.8125,-16,-46,-35,-57
24.00000000000035,-7.9687499999999964,-16,-47,-36,-58
24.033333333333687,-7.8125,-16,-46,-35,-57
24.06666666666702,-7.8125,-16,-46,-35,-57
24.100000000000357,-7.8125,-16,-46,-35,-57
24.13333333333369,-7.8125,-16,-46,-35,-57
24.166666666667027,-7.9687499999999964,-16,-47,-36,-58
24.20000000000036,-7.8125,-16,-46,-35,-57
24.233333333333697,-7.9687499999999964,-16,-47,-36,-58
24.26666666666703,-7.9687499999999964,-16,-47,-36,-58
24.300000000000367,-7.9687499999999964,-16,-47,-36,-58
24.3333333333337,0.234375,-3,1,3,-1
24.366666666667037,20,31,119,96,142
24.40000000000037,20,57,119,77,161
24.433333333333707,20,17,119,107,131
24.46666666666704,20,17,119,107,131
24.500000000000377,20,17,119,107,131
24.53333333333371,20,12,119,110,128
24.566666666667047,20,8,119,113,125
24.60000000000038,20,3,119,117,121
24.633333333333717,20,0,119,119,119
24.66666666666705,20,-1,119,119,119
24.700000000000387,20,-7,119,124,114
24.73333333333372,20,-6,119,123,115
24.766666666667057,20,-6,119,123,115
24.80000000000039,20,-3,119,121,117
24.833333333333727,20,2,119,118,120
24.86666666666706,20,6,119,115,123
24.900000000000396,20,10,119,112,126
24.93333333333373,20,12,119,110,128
24.966666666667066,20,15,119,108,130
25.0000000000004,20,15,119,108,130
25.033333333333736,20,15,119,108,130
25.06666666666707,20,15,119,108,130
25.100000000000406,20,16,119,107,131
25.13333333333374,20,17,119,107,131
25.166666666667076,20,20,119,104,134
25.20000000000041,20,22,119,103,135
25.233333333333746,20,21,119,104,134
25.26666666666708,20,22,119,103,135
25.300000000000416,20,19,119,105,133
25.33333333333375,20,19,119,105,133
25.366666666667086,20,13,119,110,128
25.40000000000042,20,13,119,110,128
25.433333333333756,20,10,119,112,126
25.46666666666709,20,5,119,116,122
25.500000000000426,20,2,119,118,120
25.53333333333376,20,-2,119,120,118
25.566666666667096,20,-7,119,124,114
25.60000000000043,20,-9,119,125,113
25.633333333333766,20,-10,119,126,112
25.6666666666671,20,-11,119,127,111
25.700000000000436,20,-11,119,127,111
25.73333333333377,20,-10,119,126,112
25.766666666667106,20,-10,119,126,112
25.80000000000044,20,-9,119,125,113
25.833333333333776,20,-9,119,125,113
25.86666666666711,20,-7,119,124,114
25.900000000000446,20,-8,119,124,114
25.93333333333378,20,-9,119,125,113
25.966666666667116,20,-9,119,125,113
26.00000000000045,20,-13,119,128,110
26.033333333333786,20,-20,119,133,105
26.06666666666712,20,-30,119,141,97
26.100000000000456,20,-38,119,147,91
26.13333333333379,20,-47,119,154,84
26.166666666667126,20,-53,119,158,80
26.20000000000046,20,-59,119,163,75
26.233333333333796,20,-61,119,164,74
26.26666666666713,20,-57,119,161,77
26.300000000000466,20,-47,119,154,84
26.3333333333338,20,-41,119,149,89
26.366666666667136,20,-29,119,140,98
26.40000000000047,20,-25,119,137,101
26.433333333333806,20,-17,119,131,107
26.46666666666714,20,-13,119,128,110
26.500000000000476,20,-11,119,127,111
26.53333333333381,20,-13,119,128,110
26.566666666667146,20,-13,119,128,110
26.60000000000048,20,-21,119,134,104
26.633333333333816,20,-27,119,139,99
26.66666666666715,20,-36,119,145,93
26.700000000000486,20,-37,119,146,92
26.73333333333382,20,-42,119,150,88
26.766666666667156,20,-48,119,154,84
26.80000000000049,20,-48,119,154,84
26.833333333333826,20,-43,119,151,87
26.86666666666716,20,-41,119,149,89
26.900000000000496,20,-40,119,148,90
26.93333333333383,20,-38,119,147,91
26.966666666667166,20,-35,119,145,93
27.0000000000005,20,-34,119,144,94
27.033333333333836,20,-31,119,142,96
27.06666666666717,20,-28,119,139,99
27.100000000000506,20,-25,119,137,101
27.13333333333384,20,-22,119,135,103
27.166666666667176,20,-15,119,130,108
27.20000000000051,20,-13,119,128,110
27.233333333333846,20,-6,119,123,115
27.26666666666718,20,-8,119,124,114
27.300000000000516,20,-4,119,121,117
27.33333333333385,20,-5,119,122,116
27.366666666667186,20,-7,119,124,114
27.40000000000052,20,-7,120,125,115
27.433333333333856,20,-7,120,125,115
27.46666666666719,20,-8,120,125,115
27.500000000000526,20,-8,120,125,115
27.53333333333386,20,-7,120,125,115
27.566666666667196,20,-7,120,125,115
27.60000000000053,20,-1,120,120,120
27.633333333333866,20,1,120,120,120
27.6666666666672,20,-1,120,120,120
27.700000000000536,20,1,120,120,120
27.73333333333387,20,1,120,120,120
27.766666666667206,20,3,120,118,122
27.80000000000054,20,5,120,117,123
27.833333333333876,20,3,120,118,122
27.86666666666721,20,2,120,119,121
27.900000000000546,20,0,120,120,120
27.93333333333388,20,-3,120,122,118
27.966666666667216,20,-2,120,121,119
28.00000000000055,20,-3,120,122,118
28.033333333333886,20,-4,120,122,118
28.06666666666722,20,-1,120,120,120
28.100000000000556,20,2,120,119,121
28.13333333333389,20,0,120,120,120
28.166666666667226,20,-1,120,120,120
28.20000000000056,20,-5,120,123,117
28.233333333333896,20,-5,120,123,117
28.26666666666723,20,-5,120,123,117
28.300000000000566,20,-6,120,124,116
28.3333333333339,20,-6,120,124,116
28.366666666667236,20,-9,120,126,114
28.40000000000057,20,-14,120,130,110
28.433333333333906,20,-17,120,132,108
28.46666666666724,20,-18,120,133,107
28.500000000000576,20,-18,120,133,107
28.53333333333391,20,-16,120,131,109
28.566666666667246,20,-18,120,133,107
28.60000000000058,20,-15,120,131,109
28.633333333333916,20,-10,120,127,113
28.66666666666725,20,-10,120,127,113
28.700000000000585,20,-8,120,125,115
28.73333333333392,20,-9,120,126,114
28.766666666667255,20,-12,120,128,112
28.80000000000059,20,-13,120,129,111
28.833333333333925,20,-15,120,131,109
28.86666666666726,20,-19,120,134,106
28.900000000000595,20,-20,120,134,106
28.93333333333393,20,-27,120,140,100
28.966666666667265,20,-30,120,142,98
29.0000000000006,20,-36,120,146,94
29.033333333333935,20,-41,120,150,90
29.06666666666727,20,-46,120,154,86
29.100000000000605,20,-51,120,158,82
29.13333333333394,20,-51,120,158,82
29.166666666667275,20,-54,120,160,80
29.20000000000061,20,-51,120,158,82
29.233333333333945,20,-48,120,155,85
29.26666666666728,20,-41,120,150,90
29.300000000000615,20,-36,120,146,94
29.33333333333395,20,-24,120,137,103
29.366666666667285,20,-20,120,134,106
29.40000000000062,20,-7,120,125,115
29.433333333333955,20,-2,120,121,119
29.46666666666729,20,-3,120,122,118
29.500000000000625,20,-9,120,126,114
29.53333333333396,20,-21,120,135,105
29.566666666667295,20,-32,120,143,97
29.60000000000063,20,-46,120,154,86
29.633333333333965,20,-59,120,164,76
29.6666666666673,20,-69,120,171,69
29.700000000000635,20,-73,120,174,66
29.73333333333397,20,-79,120,179,61
29.766666666667305,20,-81,120,180,60
29.80000000000064,20,-85,120,183,57
29.833333333333975,20,-82,120,181,59
29.86666666666731,20,-80,120,179,61
29.900000000000645,20,-74,120,175,65
29.93333333333398,20,-69,120,171,69
29.966666666667315,20,-67,120,170,70
30.00000000000065,20,-51,120,158,82
30.033333333333985,20,-44,120,152,88
30.06666666666732,20,-28,120,140,100
30.100000000000655,20,-16,120,131,109
30.13333333333399,20,-9,120,126,114
30.166666666667325,20,-1,120,120,120
30.20000000000066,20,0,120,120,120
30.233333333333995,20,-5,120,123,117
30.26666666666733,20,-7,120,125,115
30.300000000000665,20,-15,120,131,109
30.333333333334,20,-19,120,134,106
30.366666666667335,20,-29,120,141,99
30.40000000000067,20,-36,120,146,94
30.433333333334005,20,-38,120,148,92
30.46666666666734,20,-45,120,153,87
30.500000000000675,20,-50,120,157,83
30.53333333333401,20,-59,120,164,76
30.566666666667345,20,-66,120,169,71
30.60000000000068,20,-66,120,169,71
30.633333333334015,20,-68,120,170,70
30.66666666666735,20,-63,120,167,73
30.700000000000685,20,-57,120,162,78
30.73333333333402,20,-53,120,159,81
30.766666666667355,20,-49,120,156,84
30.80000000000069,20,-51,120,158,82
30.833333333334025,20,-44,120,152,88
30.86666666666736,20,-39,120,149,91
30.900000000000695,20,-34,120,145,95
30.93333333333403,20,-22,120,136,104
30.966666666667365,20,-17,120,132,108
31.0000000000007,20,-9,120,126,114
31.033333333334035,20,-14,120,130,110
31.06666666666737,20,-17,120,132,108
31.100000000000705,20,-24,120,137,103
31.13333333333404,20,-27,120,140,100
31.166666666667375,20,-33,120,144,96
31.20000000000071,20,-38,120,148,92
31.233333333334045,20,-40,120,149,91
31.26666666666738,20,-42,120,151,89
31.300000000000715,20,-43,120,152,88
31.33333333333405,20,-34,120,145,95
31.366666666667385,20,-33,120,144,96
31.40000000000072,20,-24,120,137,103
31.433333333334055,20,-22,120,136,104
31.46666666666739,20,-15,120,131,109
31.500000000000725,20,-12,120,128,112
31.53333333333406,20,-9,120,126,114
31.566666666667395,20,-9,120,126,114
31.60000000000073,20,-7,120,125,115
31.633333333334065,20,-8,120,125,115
31.6666666666674,20,-6,120,124,116
31.700000000000735,20,-6,120,124,116
31.73333333333407,20,-8,120,125,115
31.766666666667405,20,-6,120,124,116
31.80000000000074,20,-5,120,123,117
31.833333333334075,20,-5,120,123,117
31.86666666666741,20,-7,120,125,115
31.900000000000745,20,-6,120,124,116
31.93333333333408,20,-7,120,125,115
31.966666666667415,20,-10,120,127,113
32.000000000000746,20,-9,120,126,114
32.03333333333408,20,-8,120,125,115
32.06666666666741,20,-10,120,127,113
32.10000000000074,20,-9,120,126,114
32.13333333333407,20,-13,120,129,111
32.1666666666674,20,-14,120,130,110
32.200000000000735,20,-14,120,130,110
32.233333333334066,20,-11,120,128,112
32.2666666666674,20,-13,120,129,111
32.30000000000073,20,-12,120,128,112
32.33333333333406,20,-11,120,128,112
32.36666666666739,20,-11,120,128,112
32.40000000000072,20,-11,120,128,112
32.433333333334055,20,-10,120,127,113
32.466666666667386,20,-11,120,128,112
32.50000000000072,20,-12,120,128,112
32.53333333333405,20,-11,120,128,112
32.56666666666738,20,-9,120,126,114
32.60000000000071,20,-4,120,122,118
32.63333333333404,20,-3,120,122,118
32.666666666667375,20,6,120,116,124
32.700000000000706,20,7,120,115,125
32.73333333333404,20,13,120,111,129
32.76666666666737,20,15,120,109,131
32.8000000000007,20,6,120,116,124
32.83333333333403,20,11,120,112,128
32.86666666666736,20,10,120,113,127
32.900000000000695,20,10,120,113,127
32.933333333334026,20,9,120,114,126
32.96666666666736,20,8,120,114,126
33.00000000000069,20,8,120,114,126
33.03333333333402,20,8,120,114,126
33.06666666666735,20,7,120,115,125
33.10000000000068,20,6,120,116,124
33.133333333334015,20,6,120,116,124
33.166666666667346,20,7,120,115,125
33.20000000000068,20,6,120,116,124
33.23333333333401,20,7,120,115,125
33.26666666666734,20,4,120,117,123
33.30000000000067,20,22,120,104,136
33.333333333334004,20,160,120,0,240
33.366666666667335,20,17,120,108,132
33.40000000000067,20,24,120,102,138
33.433333333334,20,100,120,45,195
33.46666666666733,20,28,120,99,141
33.50000000000066,20,98,120,47,193
