0,20,-28,120,141,99
0.03333333333333333,20,-28,120,141,99
0.06666666666666667,20,-28,120,140,100
0.1,20,-26,120,139,101
0.13333333333333333,20,-25,120,138,102
0.16666666666666666,20,-26,120,139,101
0.19999999999999998,20,-26,120,139,101
0.2333333333333333,20,-25,120,138,102
0.26666666666666666,20,-25,120,138,102
0.3,20,-18,120,133,107
0.3333333333333333,20,-19,120,134,106
0.36666666666666664,20,-16,120,131,109
0.39999999999999997,20,-15,120,131,109
0.4333333333333333,20,-14,120,130,110
0.4666666666666666,20,-10,120,127,113
0.49999999999999994,20,-7,120,125,115
0.5333333333333333,20,-2,120,121,119
0.5666666666666667,20,1,120,120,120
0.6,20,4,120,117,123
0.6333333333333333,20,3,120,118,122
0.6666666666666666,20,8,120,114,126
0.7,20,5,120,117,123
0.7333333333333333,20,6,120,116,124
0.7666666666666666,20,5,120,117,123
0.7999999999999999,20,2,120,119,121
0.8333333333333333,20,0,120,120,120
0.8666666666666666,20,-6,120,124,116
0.8999999999999999,20,-8,120,125,115
0.9333333333333332,20,-8,120,125,115
0.9666666666666666,20,-7,120,125,115
0.9999999999999999,20,-3,120,122,118
1.0333333333333332,20,1,120,120,120
1.0666666666666667,20,7,120,115,125
1.1,20,12,120,111,129
1.1333333333333335,20,20,120,105,135
1.166666666666667,20,21,120,105,135
1.2000000000000004,20,27,120,100,140
1.2333333333333338,20,31,120,97,143
1.2666666666666673,20,33,120,96,144
1.3000000000000007,20,41,120,90,150
1.3333333333333341,20,45,120,87,153
1.3666666666666676,20,44,120,87,153
1.400000000000001,20,37,120,93,147
1.4333333333333345,20,32,120,96,144
1.466666666666668,20,29,120,99,141
1.5000000000000013,20,24,120,103,137
1.5333333333333348,20,23,120,103,137
1.5666666666666682,20,21,120,105,135
1.6000000000000016,20,19,120,106,134
1.633333333333335,20,16,120,109,131
1.6666666666666685,20,18,120,107,133
1.700000000000002,20,15,120,109,131
1.7333333333333354,20,13,120,111,129
1.7666666666666688,20,9,120,114,126
1.8000000000000023,20,5,120,117,123
1.8333333333333357,20,4,120,118,122
1.8666666666666691,20,-2,120,121,119
1.9000000000000026,20,-7,120,125,115
1.933333333333336,20,-8,120,126,114
1.9666666666666694,20,-6,120,124,116
2.0000000000000027,20,-11,120,128,112
2.033333333333336,20,-12,120,129,111
2.066666666666669,20,-7,120,125,115
2.1000000000000023,20,-2,120,121,119
2.1333333333333355,20,3,120,118,122
2.1666666666666687,20,9,120,114,126
2.200000000000002,20,13,120,111,129
2.233333333333335,20,20,120,106,134
2.2666666666666684,20,30,120,98,142
2.3000000000000016,20,36,120,94,146
2.333333333333335,20,47,120,85,155
2.366666666666668,20,52,120,82,158
2.4000000000000012,20,58,120,77,163
2.4333333333333345,20,65,120,72,168
2.4666666666666677,20,66,120,71,169
2.500000000000001,20,66,120,71,169
2.533333333333334,20,67,120,70,170
2.5666666666666673,20,76,120,64,176
2.6000000000000005,20,87,120,55,185
2.6333333333333337,20,89,120,54,186
2.666666666666667,20,87,120,55,185
2.7,20,86,120,56,184
2.7333333333333334,20,87,120,55,185
2.7666666666666666,20,79,120,61,179
2.8,20,70,120,68,172
2.833333333333333,20,59,120,76,164
2.8666666666666663,20,48,120,85,155
2.8999999999999995,20,34,120,95,145
2.9333333333333327,20,20,120,106,134
2.966666666666666,20,1,120,120,120
2.999999999999999,20,-5,120,123,117
3.0333333333333323,20,-12,120,129,111
3.0666666666666655,20,-12,120,129,111
3.0999999999999988,20,-9,120,126,114
3.133333333333332,20,-5,120,123,117
3.166666666666665,20,-1,120,120,120
3.1999999999999984,20,7,120,115,125
3.2333333333333316,20,16,120,109,131
3.266666666666665,20,26,120,101,139
3.299999999999998,20,28,120,100,140
3.3333333333333313,20,36,120,94,146
3.3666666666666645,20,42,120,89,151
3.3999999999999977,20,44,120,88,152
3.433333333333331,20,47,120,85,155
3.466666666666664,20,49,120,84,156
3.4999999999999973,20,47,120,85,155
3.5333333333333306,20,42,120,89,151
3.5666666666666638,20,38,120,92,148
3.599999999999997,20,35,120,94,146
3.63333333333333,20,35,120,94,146
3.6666666666666634,20,35,120,94,146
3.6999999999999966,20,34,120,95,145
3.73333333333333,9.791666666666666,34,58,33,83
3.766666666666663,7.8125,34,46,21,71
3.7999999999999963,7.072916666666666,31,42,19,65
3.8333333333333295,4.364583333333334,26,26,7,45
3.8666666666666627,20,25,120,102,138
3.899999999999996,-1.4375,25,-8,-26,10
3.933333333333329,-2.265625,22,-13,-29,3
3.9666666666666623,-1.9622395833333357,22,-11,-27,5
3.9999999999999956,-2.09375,22,-12,-28,4
4.033333333333329,-2.397135416666668,20,-14,-28,0
4.066666666666662,-2.665364583333332,22,-15,-31,1
4.099999999999995,-2.53125,22,-15,-31,1
4.133333333333328,-2.665364583333332,22,-15,-31,1
4.166666666666662,-2.53125,22,-15,-31,1
4.199999999999995,-2.665364583333332,22,-15,-31,1
4.233333333333328,-2.53125,22,-15,-31,1
4.266666666666661,-2.53125,22,-15,-31,1
4.2999999999999945,-2.665364583333332,22,-15,-31,1
4.333333333333328,-2.53125,22,-15,-31,1
4.366666666666661,-2.53125,22,-15,-31,1
4.399999999999994,-2.665364583333332,22,-15,-31,1
4.433333333333327,-3.10546875,22,-18,-34,-2
4.466666666666661,-2.665364583333332,22,-15,-31,1
4.499999999999994,-2.665364583333332,22,-15,-31,1
4.533333333333327,-2.665364583333332,22,-15,-31,1
4.56666666666666,-2.799479166666668,23,-16,-33,1
4.599999999999993,-2.665364583333332,23,-15,-32,2
4.633333333333327,-2.799479166666668,23,-16,-33,1
4.66666666666666,-2.665364583333332,23,-15,-32,2
4.699999999999993,-2.799479166666668,23,-16,-33,1
4.733333333333326,-2.93359375,23,-17,-34,0
4.7666666666666595,-2.93359375,23,-17,-34,0
4.799999999999993,-2.799479166666668,23,-16,-33,1
4.833333333333326,-2.799479166666668,23,-16,-33,1
4.866666666666659,-2.799479166666668,23,-16,-33,1
4.899999999999992,-2.93359375,23,-17,-34,0
4.933333333333326,-2.93359375,23,-17,-34,0
4.966666666666659,-3.15625,23,-18,-35,-1
4.999999999999992,-2.93359375,23,-17,-34,0
5.033333333333325,-2.93359375,23,-17,-34,0
5.066666666666658,-2.93359375,23,-17,-34,0
5.099999999999992,20,23,120,103,137
5.133333333333325,-3.15625,23,-18,-35,-1
5.166666666666658,-2.93359375,23,-17,-34,0
5.199999999999991,-2.93359375,23,-17,-34,0
5.2333333333333245,-2.93359375,23,-17,-34,0
5.266666666666658,-3.82421875,23,-22,-39,-5
5.299999999999991,-4.6953125,24,-28,-45,-11
5.333333333333324,-6.204427083333332,24,-37,-54,-20
5.366666666666657,-5.065104166666668,24,-30,-47,-13
5.399999999999991,20,24,120,103,137
5.433333333333324,-5.065104166666668,24,-30,-47,-13
5.466666666666657,-5.065104166666668,24,-30,-47,-13
5.49999999999999,-5.1484375,24,-30,-47,-13
5.5333333333333234,-5.9765625,24,-35,-52,-18
5.566666666666657,-6.354166666666668,24,-38,-55,-21
5.59999999999999,-6.2734375000000036,26,-37,-56,-18
5.633333333333323,-6.421875,27,-38,-58,-18
5.666666666666656,-6.421875,27,-38,-58,-18
5.6999999999999895,-6.421875,27,-38,-58,-18
5.733333333333323,-6.421875,27,-38,-58,-18
5.766666666666656,-6.421875,27,-38,-58,-18
5.799999999999989,-6.421875,27,-38,-58,-18
5.833333333333322,-6.421875,27,-38,-58,-18
5.866666666666656,-6.2734375000000036,27,-37,-57,-17
5.899999999999989,-6.421875,27,-38,-58,-18
5.933333333333322,-6.5039062499999964,27,-39,-59,-19
5.966666666666655,-6.653645833333332,27,-39,-59,-19
5.9999999999999885,-6.885416666666668,27,-41,-61,-21
6.033333333333322,-6.885416666666668,26,-41,-60,-22
6.066666666666655,-7.1171875,26,-42,-61,-23
6.099999999999988,-7.1171875,26,-42,-61,-23
6.133333333333321,-6.885416666666668,26,-41,-60,-22
6.1666666666666545,-6.885416666666668,26,-41,-60,-22
6.199999999999988,-6.885416666666668,26,-41,-60,-22
6.233333333333321,-6.885416666666668,26,-41,-60,-22
6.266666666666654,-6.885416666666668,26,-41,-60,-22
6.299999999999987,-6.885416666666668,26,-41,-60,-22
6.333333333333321,-6.885416666666668,26,-41,-60,-22
6.366666666666654,-7.1171875,26,-42,-61,-23
6.399999999999987,-6.885416666666668,26,-41,-60,-22
6.43333333333332,-6.885416666666668,26,-41,-60,-22
6.4666666666666535,-6.653645833333332,26,-39,-58,-20
6.499999999999987,-6.421875,26,-38,-57,-19
6.53333333333332,-6.421875,26,-38,-57,-19
6.566666666666653,-6.421875,26,-38,-57,-19
6.599999999999986,-6.421875,26,-38,-57,-19
6.6333333333333195,-6.421875,26,-38,-57,-19
6.666666666666653,-6.421875,26,-38,-57,-19
6.699999999999986,-6.421875,26,-38,-57,-19
6.733333333333319,-6.421875,26,-38,-57,-19
6.766666666666652,-6.421875,26,-38,-57,-19
6.799999999999986,-6.421875,26,-38,-57,-19
6.833333333333319,-6.421875,26,-38,-57,-19
6.866666666666652,-6.421875,26,-38,-57,-19
6.899999999999985,-6.421875,26,-38,-57,-19
6.9333333333333185,-6.421875,26,-38,-57,-19
6.966666666666652,-6.421875,26,-38,-57,-19
6.999999999999985,-6.421875,26,-38,-57,-19
7.033333333333318,-6.421875,26,-38,-57,-19
7.066666666666651,-6.421875,26,-38,-57,-19
7.0999999999999845,-6.421875,26,-38,-57,-19
7.133333333333318,-6.421875,26,-38,-57,-19
7.166666666666651,-6.421875,26,-38,-57,-19
7.199999999999984,-6.421875,26,-38,-57,-19
7.233333333333317,-6.421875,26,-38,-57,-19
7.266666666666651,-6.421875,26,-38,-57,-19
7.299999999999984,-6.421875,26,-38,-57,-19
7.333333333333317,-6.5703125,26,-39,-58,-20
7.36666666666665,-6.421875,26,-38,-57,-19
7.3999999999999835,-6.421875,26,-38,-57,-19
7.433333333333317,-6.421875,26,-38,-57,-19
7.46666666666665,-6.421875,26,-38,-57,-19
7.499999999999983,-6.421875,26,-38,-57,-19
7.533333333333316,-6.421875,26,-38,-57,-19
7.5666666666666496,-6.421875,26,-38,-57,-19
7.599999999999983,-6.421875,26,-38,-57,-19
7.633333333333316,-6.421875,26,-38,-57,-19
7.666666666666649,-6.421875,26,-38,-57,-19
7.699999999999982,-6.421875,26,-38,-57,-19
7.733333333333316,-6.421875,26,-38,-57,-19
7.766666666666649,-6.421875,26,-38,-57,-19
7.799999999999982,-6.421875,26,-38,-57,-19
7.833333333333315,-6.421875,26,-38,-57,-19
7.8666666666666485,-6.421875,26,-38,-57,-19
7.899999999999982,-6.421875,26,-38,-57,-19
7.933333333333315,-6.421875,26,-38,-57,-19
7.966666666666648,-6.2734375000000036,26,-37,-56,-18
7.999999999999981,-6.421875,26,-38,-57,-19
8.033333333333315,-6.421875,26,-38,-57,-19
8.066666666666649,-6.421875,26,-38,-57,-19
8.099999999999982,-6.421875,26,-38,-57,-19
8.133333333333315,-6.421875,26,-38,-57,-19
8.166666666666648,-6.421875,26,-38,-57,-19
8.199999999999982,-6.421875,26,-38,-57,-19
8.233333333333315,-6.2734375000000036,26,-37,-56,-18
8.266666666666648,-6.421875,26,-38,-57,-19
8.299999999999981,-6.2734375000000036,26,-37,-56,-18
8.333333333333314,-6.2734375000000036,26,-37,-56,-18
8.366666666666648,-6.421875,26,-38,-57,-19
8.39999999999998,-6.421875,26,-38,-57,-19
8.433333333333314,-6.5703125,26,-39,-58,-20
8.466666666666647,-6.421875,26,-38,-57,-19
8.49999999999998,-6.2734375000000036,26,-37,-56,-18
8.533333333333314,-6.421875,26,-38,-57,-19
8.566666666666647,-6.421875,26,-38,-57,-19
8.59999999999998,-6.421875,26,-38,-57,-19
8.633333333333313,-6.421875,26,-38,-57,-19
8.666666666666647,-6.421875,26,-38,-57,-19
8.69999999999998,-6.421875,26,-38,-57,-19
8.733333333333313,-6.421875,26,-38,-57,-19
8.766666666666646,-6.421875,26,-38,-57,-19
8.79999999999998,-6.421875,26,-38,-57,-19
8.833333333333313,-6.421875,26,-38,-57,-19
8.866666666666646,-6.2734375000000036,26,-37,-56,-18
8.899999999999979,-6.421875,26,-38,-57,-19
8.933333333333312,-6.421875,26,-38,-57,-19
8.966666666666645,-6.2734375000000036,26,-37,-56,-18
8.999999999999979,-6.421875,26,-38,-57,-19
9.033333333333312,-6.421875,26,-38,-57,-19
9.066666666666645,-6.421875,26,-38,-57,-19
9.099999999999978,-6.421875,26,-38,-57,-19
9.133333333333312,-6.421875,26,-38,-57,-19
9.166666666666645,-6.2734375000000036,26,-37,-56,-18
9.199999999999978,-6.421875,26,-38,-57,-19
9.233333333333311,-6.5703125,26,-39,-58,-20
9.266666666666644,-6.421875,26,-38,-57,-19
9.299999999999978,-6.421875,26,-38,-57,-19
9.33333333333331,-6.421875,26,-38,-57,-19
9.366666666666644,-6.421875,26,-38,-57,-19
9.399999999999977,-6.421875,26,-38,-57,-19
9.43333333333331,-6.2734375000000036,26,-37,-56,-18
9.466666666666644,-6.421875,26,-38,-57,-19
9.499999999999977,-6.421875,26,-38,-57,-19
9.53333333333331,-6.421875,26,-38,-57,-19
9.566666666666643,-6.421875,26,-38,-57,-19
9.599999999999977,-6.421875,26,-38,-57,-19
9.63333333333331,20,26,120,101,139
9.666666666666643,-6.421875,26,-38,-57,-19
9.699999999999976,-6.421875,26,-38,-57,-19
9.73333333333331,-6.421875,26,-38,-57,-19
9.766666666666643,-6.421875,26,-38,-57,-19
9.799999999999976,-7.9687499999999964,26,-47,-66,-28
9.833333333333309,-7.809895833333332,27,-46,-66,-26
9.866666666666642,-7.65625,27,-45,-65,-25
9.899999999999975,-7.65625,27,-45,-65,-25
9.933333333333309,-7.809895833333332,27,-46,-66,-26
9.966666666666642,-7.809895833333332,27,-46,-66,-26
9.999999999999975,-7.65625,27,-45,-65,-25
10.033333333333308,-7.963541666666668,27,-47,-67,-27
10.066666666666642,-7.8906250000000036,27,-47,-67,-27
10.099999999999975,-7.65625,27,-45,-65,-25
10.133333333333308,-7.65625,27,-45,-65,-25
10.166666666666641,-7.735677083333332,27,-46,-66,-26
10.199999999999974,-7.65625,27,-45,-65,-25
10.233333333333308,-7.65625,27,-45,-65,-25
10.26666666666664,-7.809895833333332,27,-46,-66,-26
10.299999999999974,-7.65625,27,-45,-65,-25
10.333333333333307,-7.65625,27,-45,-65,-25
10.36666666666664,-7.65625,27,-45,-65,-25
10.399999999999974,-7.65625,27,-45,-65,-25
10.433333333333307,-7.809895833333332,27,-46,-66,-26
10.46666666666664,-7.65625,27,-45,-65,-25
10.499999999999973,-7.8906250000000036,27,-47,-67,-27
10.533333333333307,-7.809895833333332,27,-46,-66,-26
10.56666666666664,-7.65625,27,-45,-65,-25
10.599999999999973,-7.8906250000000036,27,-47,-67,-27
10.633333333333306,-7.65625,27,-45,-65,-25
10.66666666666664,-7.8906250000000036,27,-47,-67,-27
10.699999999999973,-8.200520833333332,27,-49,-69,-29
10.733333333333306,-7.963541666666668,27,-47,-67,-27
10.766666666666639,-7.8906250000000036,27,-47,-67,-27
10.799999999999972,-7.8906250000000036,27,-47,-67,-27
10.833333333333306,-7.65625,27,-45,-65,-25
10.866666666666639,-7.8906250000000036,27,-47,-67,-27
10.899999999999972,-7.65625,27,-45,-65,-25
10.933333333333305,-8.045572916666668,27,-48,-68,-28
10.966666666666638,-7.809895833333332,27,-46,-66,-26
10.999999999999972,-7.809895833333332,27,-46,-66,-26
11.033333333333305,-7.8906250000000036,27,-47,-67,-27
11.066666666666638,-7.65625,27,-45,-65,-25
11.099999999999971,-8.200520833333332,27,-49,-69,-29
11.133333333333304,-7.809895833333332,27,-46,-66,-26
11.166666666666638,-7.65625,27,-45,-65,-25
11.19999999999997,-8.200520833333332,27,-49,-69,-29
11.233333333333304,-7.8906250000000036,27,-47,-67,-27
11.266666666666637,-8.045572916666668,27,-48,-68,-28
11.29999999999997,-7.8906250000000036,27,-47,-67,-27
11.333333333333304,-7.8906250000000036,27,-47,-67,-27
11.366666666666637,-7.8906250000000036,27,-47,-67,-27
11.39999999999997,-7.809895833333332,27,-46,-66,-26
11.433333333333303,-7.809895833333332,27,-46,-66,-26
11.466666666666637,-7.809895833333332,27,-46,-66,-26
11.49999999999997,-7.809895833333332,27,-46,-66,-26
11.533333333333303,-7.65625,27,-45,-65,-25
11.566666666666636,-7.65625,27,-45,-65,-25
11.59999999999997,-7.65625,27,-45,-65,-25
11.633333333333303,-7.809895833333332,27,-46,-66,-26
11.666666666666636,-7.65625,27,-45,-65,-25
11.699999999999969,-7.65625,27,-45,-65,-25
11.733333333333302,-7.65625,27,-45,-65,-25
11.766666666666636,-7.809895833333332,27,-46,-66,-26
11.799999999999969,-7.809895833333332,27,-46,-66,-26
11.833333333333302,-7.809895833333332,27,-46,-66,-26
11.866666666666635,-7.65625,27,-45,-65,-25
11.899999999999968,-7.809895833333332,27,-46,-66,-26
11.933333333333302,-7.809895833333332,27,-46,-66,-26
11.966666666666635,-7.809895833333332,27,-46,-66,-26
11.999999999999968,-7.809895833333332,27,-46,-66,-26
12.033333333333301,-7.65625,27,-45,-65,-25
12.066666666666634,-7.809895833333332,27,-46,-66,-26
12.099999999999968,-7.809895833333332,27,-46,-66,-26
12.1333333333333,-7.809895833333332,27,-46,-66,-26
12.166666666666634,-7.502604166666668,27,-45,-65,-25
12.199999999999967,-7.65625,27,-45,-65,-25
12.2333333333333,-7.65625,27,-45,-65,-25
12.266666666666634,-7.65625,27,-45,-65,-25
12.299999999999967,-7.65625,27,-45,-65,-25
12.3333333333333,-7.65625,27,-45,-65,-25
12.366666666666633,-7.65625,27,-45,-65,-25
12.399999999999967,-7.809895833333332,27,-46,-66,-26
12.4333333333333,-7.963541666666668,28,-47,-67,-27
12.466666666666633,-7.65625,28,-45,-65,-25
12.499999999999966,-7.65625,29,-45,-66,-24
12.5333333333333,-7.809895833333332,29,-46,-67,-25
12.566666666666633,-7.809895833333332,29,-46,-67,-25
12.599999999999966,-7.963541666666668,29,-47,-68,-26
12.633333333333299,-7.65625,29,-45,-66,-24
12.666666666666632,-7.809895833333332,29,-46,-67,-25
12.699999999999966,-7.65625,29,-45,-66,-24
12.733333333333299,-7.809895833333332,29,-46,-67,-25
12.766666666666632,-7.809895833333332,28,-46,-66,-26
12.799999999999965,-7.809895833333332,28,-46,-66,-26
12.833333333333298,-7.65625,28,-45,-65,-25
12.866666666666632,-4.104166666666664,28,-24,-44,-4
12.899999999999965,-3.8333333333333357,27,-22,-42,-2
12.933333333333298,-3.8333333333333357,27,-22,-42,-2
12.966666666666631,-3.8333333333333357,27,-22,-42,-2
12.999999999999964,-3.6979166666666643,27,-22,-42,-2
13.033333333333298,-3.6979166666666643,27,-22,-42,-2
13.066666666666631,-3.6979166666666643,27,-22,-42,-2
13.099999999999964,-3.6979166666666643,26,-22,-41,-3
13.133333333333297,-3.8333333333333357,26,-22,-41,-3
13.16666666666663,-3.8333333333333357,26,-22,-41,-3
13.199999999999964,-3.8333333333333357,26,-22,-41,-3
13.233333333333297,-3.8333333333333357,26,-22,-41,-3
13.26666666666663,-3.5625,26,-21,-40,-2
13.299999999999963,-3.6979166666666643,26,-22,-41,-3
13.333333333333297,-3.6979166666666643,26,-22,-41,-3
13.36666666666663,-3.6979166666666643,26,-22,-41,-3
13.399999999999963,-3.6979166666666643,26,-22,-41,-3
13.433333333333296,-3.5625,26,-21,-40,-2
13.46666666666663,-3.5625,26,-21,-40,-2
13.499999999999963,-3.6979166666666643,26,-22,-41,-3
13.533333333333296,-3.6979166666666643,26,-22,-41,-3
13.56666666666663,-3.5625,26,-21,-40,-2
13.599999999999962,-3.6979166666666643,26,-22,-41,-3
13.633333333333296,-3.6979166666666643,26,-22,-41,-3
13.666666666666629,-3.5625,26,-21,-40,-2
13.699999999999962,-3.6979166666666643,26,-22,-41,-3
13.733333333333295,-3.6979166666666643,26,-22,-41,-3
13.766666666666628,-3.6979166666666643,26,-22,-41,-3
13.799999999999962,-3.6979166666666643,26,-22,-41,-3
13.833333333333295,-3.5625,26,-21,-40,-2
13.866666666666628,-3.6979166666666643,26,-22,-41,-3
13.899999999999961,-3.6979166666666643,26,-22,-41,-3
13.933333333333294,-3.5625,26,-21,-40,-2
13.966666666666628,-3.8333333333333357,26,-22,-41,-3
13.999999999999961,-3.5625,26,-21,-40,-2
14.033333333333294,-3.8333333333333357,26,-22,-41,-3
14.066666666666627,-3.6979166666666643,26,-22,-41,-3
14.09999999999996,-3.8333333333333357,26,-22,-41,-3
14.133333333333294,-3.5625,26,-21,-40,-2
14.166666666666627,-3.5625,26,-21,-40,-2
14.19999999999996,-3.8333333333333357,26,-22,-41,-3
14.233333333333293,-3.8333333333333357,26,-22,-41,-3
14.266666666666627,-3.8333333333333357,26,-22,-41,-3
14.29999999999996,-3.8333333333333357,26,-22,-41,-3
14.333333333333293,-3.6979166666666643,26,-22,-41,-3
14.366666666666626,-3.6979166666666643,26,-22,-41,-3
14.39999999999996,-3.6979166666666643,27,-22,-42,-2
14.433333333333293,-3.8333333333333357,26,-22,-41,-3
14.466666666666626,-3.8333333333333357,27,-22,-42,-2
14.49999999999996,-4.239583333333332,27,-25,-45,-5
14.533333333333292,-4.239583333333332,27,-25,-45,-5
14.566666666666626,-4.375,26,-26,-45,-7
14.599999999999959,-3.3072916666666643,23,-19,-36,-2
14.633333333333292,20,61,120,75,165
14.666666666666625,20,34,120,95,145
14.699999999999958,20,34,120,95,145
14.733333333333292,20,34,120,95,145
14.766666666666625,20,34,120,95,145
14.799999999999958,20,30,120,98,142
14.833333333333291,20,28,120,100,140
14.866666666666625,20,26,120,101,139
14.899999999999958,20,26,120,101,139
14.933333333333291,20,26,120,101,139
14.966666666666624,20,24,120,103,137
14.999999999999957,20,22,120,104,136
15.03333333333329,20,18,120,107,133
15.066666666666624,20,14,120,110,130
15.099999999999957,20,11,120,112,128
15.13333333333329,20,11,120,112,128
15.166666666666623,20,7,120,115,125
15.199999999999957,20,9,120,114,126
15.23333333333329,20,10,120,113,127
15.266666666666623,20,13,120,111,129
15.299999999999956,20,14,120,110,130
15.33333333333329,20,19,120,106,134
15.366666666666623,20,16,120,109,131
15.399999999999956,20,16,120,109,131
15.43333333333329,20,18,120,107,133
15.466666666666622,20,18,120,107,133
15.499999999999956,20,18,120,107,133
15.533333333333289,20,18,120,107,133
15.566666666666622,20,17,120,108,132
15.599999999999955,20,17,120,108,132
15.633333333333288,20,18,120,107,133
15.666666666666622,20,17,120,108,132
15.699999999999955,20,18,120,107,133
15.733333333333288,20,16,120,109,131
15.766666666666621,20,13,120,111,129
15.799999999999955,20,11,120,112,128
15.833333333333288,20,7,120,115,125
15.866666666666621,20,6,120,116,124
15.899999999999954,20,4,120,118,122
15.933333333333287,20,3,120,118,122
15.96666666666662,20,4,120,118,122
15.999999999999954,20,4,120,118,122
16.03333333333329,20,5,120,117,123
16.066666666666624,20,9,120,114,126
16.09999999999996,20,15,120,109,131
16.133333333333294,20,18,120,107,133
16.16666666666663,20,20,120,106,134
16.199999999999964,20,20,120,106,134
16.2333333333333,20,21,120,105,135
16.266666666666634,20,21,120,105,135
16.29999999999997,20,21,120,105,135
16.333333333333304,20,20,120,106,134
16.36666666666664,20,17,120,108,132
16.399999999999974,20,17,120,108,132
16.43333333333331,20,14,120,110,130
16.466666666666644,20,12,120,112,128
16.49999999999998,20,11,120,112,128
16.533333333333314,20,13,120,111,129
16.56666666666665,20,9,120,114,126
16.599999999999984,20,7,120,115,125
16.63333333333332,20,7,120,115,125
16.666666666666654,20,5,120,117,123
16.69999999999999,20,2,120,119,121
16.733333333333324,20,3,120,118,122
16.76666666666666,20,0,120,120,120
16.799999999999994,20,-4,120,123,117
16.83333333333333,20,-7,120,125,115
16.866666666666664,20,-12,120,129,111
16.9,20,-17,120,132,108
16.933333333333334,20,-19,120,134,106
16.96666666666667,20,-25,120,138,102
17.000000000000004,20,-30,120,142,98
17.03333333333334,20,-35,120,146,94
17.066666666666674,20,-38,120,148,92
17.10000000000001,20,-43,120,152,88
17.133333333333344,20,-44,120,153,87
17.16666666666668,20,-47,120,155,85
17.200000000000014,20,-49,120,156,84
17.23333333333335,20,-44,120,153,87
17.266666666666683,20,-39,120,149,91
17.30000000000002,20,-33,120,144,96
17.333333333333353,20,-32,120,144,96
17.36666666666669,20,-26,120,139,101
17.400000000000023,20,-25,120,138,102
17.43333333333336,20,-19,120,134,106
17.466666666666693,20,-24,120,138,102
17.50000000000003,20,-25,120,138,102
17.533333333333363,20,-33,120,144,96
17.5666666666667,20,-33,120,144,96
17.600000000000033,20,-33,120,144,96
17.63333333333337,20,-31,120,143,97
17.666666666666703,20,-35,120,146,94
17.70000000000004,20,-36,120,147,93
17.733333333333373,20,-37,120,147,93
17.76666666666671,20,-42,120,151,89
17.800000000000043,20,-41,120,150,90
17.83333333333338,20,-42,120,151,89
17.866666666666713,20,-38,120,148,92
17.90000000000005,20,-35,120,146,94
17.933333333333383,20,-35,120,146,94
17.96666666666672,20,-28,120,141,99
18.000000000000053,20,-25,120,138,102
18.03333333333339,20,-21,120,135,105
18.066666666666723,20,-21,120,135,105
18.10000000000006,20,-17,120,132,108
18.133333333333393,20,-13,120,129,111
18.16666666666673,20,-15,120,131,109
18.200000000000063,20,-10,120,127,113
18.2333333333334,20,-9,120,126,114
18.266666666666733,20,-10,120,127,113
18.300000000000068,20,-10,120,127,113
18.333333333333403,20,-8,120,126,114
18.366666666666738,20,-6,120,124,116
18.400000000000073,20,-5,120,123,117
18.433333333333408,20,-9,120,126,114
18.466666666666743,20,-9,120,126,114
18.500000000000078,20,-12,120,129,111
18.533333333333413,20,-10,120,127,113
18.566666666666748,20,-11,120,128,112
18.600000000000083,20,-11,120,128,112
18.633333333333418,20,-10,120,127,113
18.666666666666753,20,-7,120,125,115
18.700000000000088,20,-3,120,122,118
18.733333333333423,20,6,120,116,124
18.766666666666758,20,10,120,113,127
18.800000000000093,20,13,120,111,129
18.833333333333428,20,11,120,112,128
18.866666666666763,20,12,120,112,128
18.900000000000098,20,9,120,114,126
18.933333333333433,20,8,120,115,125
18.966666666666768,20,9,120,114,126
19.000000000000103,20,8,120,115,125
19.033333333333438,20,8,120,115,125
19.066666666666773,20,5,120,117,123
19.100000000000108,20,7,120,115,125
19.133333333333443,20,6,120,116,124
19.166666666666778,20,7,120,115,125
19.200000000000113,20,8,120,115,125
19.233333333333448,20,9,120,114,126
19.266666666666783,20,8,120,115,125
19.300000000000118,20,10,120,113,127
19.333333333333453,20,11,120,112,128
19.366666666666788,20,10,120,113,127
19.400000000000123,20,11,120,112,128
19.433333333333458,20,12,120,112,128
19.466666666666793,20,11,120,112,128
19.500000000000128,20,8,120,115,125
19.533333333333463,20,4,120,118,122
19.566666666666798,20,3,120,118,122
19.600000000000133,20,1,120,120,120
19.633333333333468,20,1,120,120,120
19.666666666666803,20,1,120,120,120
19.700000000000138,20,1,120,120,120
19.733333333333473,20,3,120,118,122
19.766666666666808,20,2,120,119,121
19.800000000000143,20,-1,120,120,120
19.833333333333478,20,1,120,120,120
19.866666666666813,20,0,120,120,120
19.900000000000148,20,0,120,120,120
19.933333333333483,20,-1,120,120,120
19.966666666666818,20,-2,120,121,119
20.000000000000153,20,-5,120,123,117
20.033333333333488,20,-7,120,125,115
20.066666666666823,20,-7,120,125,115
20.100000000000158,20,-9,120,126,114
20.133333333333493,20,-11,120,128,112
20.166666666666828,20,-12,120,129,111
20.200000000000163,20,-18,120,133,107
20.233333333333498,20,-18,120,133,107
20.266666666666833,20,-18,120,133,107
20.300000000000168,20,-17,120,132,108
20.333333333333503,20,-17,120,132,108
20.366666666666838,20,-24,120,138,102
20.400000000000173,20,-30,120,142,98
20.433333333333508,20,-35,120,146,94
20.466666666666843,20,-41,120,150,90
20.500000000000178,20,-48,120,156,84
20.533333333333513,20,-51,120,158,82
20.566666666666848,20,-53,120,159,81
20.600000000000183,20,-52,120,159,81
20.633333333333518,20,-50,120,157,83
20.666666666666853,20,-49,120,156,84
20.700000000000188,20,-48,120,156,84
20.733333333333523,20,-46,120,154,86
20.766666666666858,20,-45,120,153,87
20.800000000000193,20,-44,120,153,87
20.833333333333528,20,-47,120,155,85
20.866666666666863,20,-40,120,150,90
20.900000000000198,20,-33,120,144,96
20.933333333333533,20,-23,120,137,103
20.966666666666868,20,-20,120,135,105
21.000000000000203,20,-17,120,132,108
21.033333333333537,20,-10,120,127,113
21.066666666666872,20,-8,120,126,114
21.100000000000207,20,-9,120,126,114
21.133333333333542,20,-13,120,129,111
21.166666666666877,20,-17,120,132,108
21.200000000000212,20,-21,120,135,105
21.233333333333547,20,-27,120,140,100
21.266666666666882,20,-32,120,144,96
21.300000000000217,20,-35,120,146,94
21.333333333333552,20,-42,120,151,89
21.366666666666887,20,-45,120,153,87
21.400000000000222,20,-53,120,159,81
21.433333333333557,20,-54,120,160,80
21.466666666666892,20,-55,120,161,79
21.500000000000227,20,-58,120,163,77
21.533333333333562,20,-57,120,162,78
21.566666666666897,20,-60,120,165,75
21.600000000000232,20,-56,120,162,78
21.633333333333567,20,-58,120,163,77
21.666666666666902,20,-58,120,163,77
21.700000000000237,20,-55,120,161,79
21.733333333333572,20,-56,120,162,78
21.766666666666907,20,-57,120,162,78
21.800000000000242,20,-53,120,159,81
21.833333333333577,20,-54,120,160,80
21.866666666666912,20,-50,120,157,83
21.900000000000247,20,-48,120,156,84
21.933333333333582,20,-48,120,156,84
21.966666666666917,20,-48,120,156,84
22.000000000000252,20,-49,120,156,84
22.033333333333587,20,-54,120,160,80
22.066666666666922,20,-56,120,162,78
22.100000000000257,20,-50,120,157,83
22.133333333333592,20,-46,120,154,86
22.166666666666927,20,-45,120,153,87
22.200000000000262,20,-30,120,142,98
22.233333333333597,20,-23,120,137,103
22.266666666666932,20,-16,120,132,108
22.300000000000267,20,-8,120,126,114
22.333333333333602,20,-5,120,123,117
22.366666666666937,20,-9,120,126,114
22.400000000000272,20,-19,120,134,106
22.433333333333607,20,-30,120,142,98
22.466666666666942,20,-33,120,144,96
22.500000000000277,20,-41,120,150,90
22.533333333333612,20,-44,120,153,87
22.566666666666947,20,-54,120,160,80
22.600000000000282,20,-54,120,160,80
22.633333333333617,20,-56,120,162,78
22.666666666666952,20,-56,120,162,78
22.700000000000287,20,-56,120,162,78
22.733333333333622,20,-54,120,160,80
22.766666666666957,20,-52,120,159,81
22.800000000000292,20,-54,120,160,80
22.833333333333627,20,-54,120,160,80
22.866666666666962,20,-54,120,160,80
22.900000000000297,20,-49,120,156,84
22.933333333333632,20,-32,120,144,96
22.966666666666967,20,-14,120,130,110
23.000000000000302,20,-10,120,127,113
23.033333333333637,20,-5,120,123,117
23.066666666666972,20,-5,120,123,117
23.100000000000307,20,-7,120,125,115
23.133333333333642,20,-11,120,128,112
23.166666666666977,20,-15,120,131,109
23.200000000000312,20,-14,120,130,110
23.233333333333647,20,-16,120,132,108
23.266666666666982,20,-16,120,132,108
23.300000000000317,20,-19,120,134,106
23.333333333333652,20,-19,120,134,106
23.366666666666987,20,-25,120,138,102
23.400000000000322,20,-24,120,138,102
23.433333333333657,20,-26,120,139,101
23.466666666666992,20,-23,120,137,103
23.500000000000327,20,-24,120,138,102
23.533333333333662,20,-21,120,135,105
23.566666666666997,20,-16,120,132,108
23.600000000000332,20,-14,120,130,110
23.633333333333667,20,-14,120,130,110
23.666666666667002,20,-14,120,130,110
23.700000000000337,20,-14,120,130,110
23.733333333333672,20,-17,120,132,108
23.766666666667007,20,-18,120,133,107
23.80000000000034,20,-19,120,134,106
23.833333333333677,20,-20,120,135,105
23.86666666666701,20,-20,120,135,105
23.900000000000347,20,-21,120,135,105
23.93333333333368,20,-23,120,137,103
23.966666666667017,20,-18,120,133,107
24.00000000000035,20,-12,120,129,111
24.033333333333687,20,-11,120,128,112
24.06666666666702,20,-4,120,123,117
24.100000000000357,20,2,120,119,121
24.13333333333369,20,7,120,115,125
24.166666666667027,20,4,120,118,122
24.20000000000036,20,1,120,120,120
24.233333333333697,20,-6,120,124,116
24.26666666666703,20,-11,120,128,112
24.300000000000367,20,-13,120,129,111
24.3333333333337,20,-14,120,130,110
24.366666666667037,20,-15,120,131,109
24.40000000000037,20,-17,120,132,108
24.433333333333707,20,-19,120,134,106
24.46666666666704,20,-22,120,136,104
24.500000000000377,20,-21,120,135,105
24.53333333333371,20,-21,120,135,105
24.566666666667047,20,-20,120,135,105
24.60000000000038,20,-19,120,134,106
24.633333333333717,20,-21,120,135,105
24.66666666666705,20,-16,120,132,108
24.700000000000387,20,-14,120,130,110
24.73333333333372,20,-11,120,128,112
24.766666666667057,20,-13,120,129,111
24.80000000000039,20,-10,120,127,113
24.833333333333727,20,-9,120,126,114
24.86666666666706,20,-11,120,128,112
24.900000000000396,20,-10,120,127,113
24.93333333333373,20,-8,120,126,114
24.966666666667066,20,-11,120,128,112
25.0000000000004,20,-11,120,128,112
25.033333333333736,20,-11,120,128,112
25.06666666666707,20,-6,120,124,116
25.100000000000406,20,-2,120,121,119
25.13333333333374,20,-2,120,121,119
25.166666666667076,20,-3,120,122,118
25.20000000000041,20,2,120,119,121
25.233333333333746,20,3,120,118,122
25.26666666666708,20,5,120,117,123
25.300000000000416,20,-7,120,125,115
25.33333333333375,20,-2,120,121,119
25.366666666667086,20,3,120,118,122
25.40000000000042,20,9,120,114,126
25.433333333333756,20,8,120,115,125
25.46666666666709,20,9,120,114,126
25.500000000000426,20,8,120,115,125
25.53333333333376,20,9,120,114,126
25.566666666667096,20,11,120,112,128
25.60000000000043,20,10,120,113,127
25.633333333333766,20,9,120,114,126
25.6666666666671,20,8,120,115,125
25.700000000000436,20,7,120,115,125
25.73333333333377,20,6,120,116,124
25.766666666667106,20,4,120,118,122
25.80000000000044,20,3,120,118,122
25.833333333333776,20,2,120,119,121
25.86666666666711,20,13,120,111,129
25.900000000000446,20,82,120,59,181
25.93333333333378,20,20,120,106,134
25.966666666667116,20,14,120,110,130
26.00000000000045,20,95,120,49,191
26.033333333333786,20,102,120,44,196
26.06666666666712,20,40,120,91,149
26.100000000000456,20,-84,120,183,57
26.13333333333379,20,-82,120,181,59
26.166666666667126,20,19,120,106,134
